CHROM	POS	REF	ALT	QUAL	DP	MQ	EFFECT	IMPACT	GENE	GENE_ID	HGVS_C	HGVS_P	AA_POSITION
NC_000913.3	11267	G	A	225.417	84	60	stop_gained	HIGH	mbiA	gene-b0012	c.438G>A	p.Trp146*	146/161
NC_000913.3	11315	A	G	225.417	59	60	stop_lost&splice_region_variant	HIGH	mbiA	gene-b0012	c.486A>G	p.Ter162Trpext*?	162/161
NC_000913.3	59124	A	G	225.417	90	52	stop_lost&splice_region_variant	HIGH	yabP	gene-b0056	c.651A>G	p.Ter217Trpext*?	217/216
NC_000913.3	59225	A	AC	104.415	48	60	frameshift_variant	HIGH	yabQ	gene-b0057	c.105_106insC	p.Lys36fs	36/52
NC_000913.3	59239	AC	A	94.4151	48	60	frameshift_variant	HIGH	yabQ	gene-b0057	c.120delC	p.Asn40fs	40/52
NC_000913.3	111433	G	T	225.417	77	60	stop_lost&splice_region_variant	HIGH	mutT	gene-b0099	c.390G>T	p.Ter130Tyrext*?	130/129
NC_000913.3	115006	C	T	225.417	181	60	stop_gained	HIGH	hofC	gene-b0106	c.719G>A	p.Trp240*	240/400
NC_000913.3	116877	G	A	225.417	173	60	stop_gained	HIGH	hofB	gene-b0107	c.223C>T	p.Gln75*	75/461
NC_000913.3	212881	C	G	228.416	78	60	stop_gained	HIGH	tilS	gene-b0188	c.551C>G	p.Ser184*	184/432
NC_000913.3	223403	C	T	225.417	134	60	stop_gained	HIGH	gmhB	gene-b0200	c.571C>T	p.Gln191*	191/191
NC_000913.3	310473	G	A	225.417	130	60	stop_gained	HIGH	ecpA	gene-b0293	c.199C>T	p.Gln67*	67/195
NC_000913.3	345423	A	T	225.417	188	60	stop_gained	HIGH	xtpA	gene-b4845	c.172A>T	p.Lys58*	58/60
NC_000913.3	365544	G	C	225.417	106	60	stop_gained	HIGH	lacZ	gene-b0344	c.762C>G	p.Tyr254*	254/1024
NC_000913.3	383925	C	T	225.417	84	60	stop_gained	HIGH	yaiP	gene-b0363	c.11G>A	p.Trp4*	4/398
NC_000913.3	384061	A	G	225.417	93	60	stop_lost&splice_region_variant	HIGH	yaiS	gene-b0364	c.556T>C	p.Ter186Glnext*?	186/185
NC_000913.3	388206	CT	C	228.384	123	60	frameshift_variant	HIGH	tauD	gene-b0368	c.413delT	p.Leu138fs	138/283
NC_000913.3	477555	G	A	225.417	117	60	stop_gained	HIGH	pdeB	gene-b0457	c.1063C>T	p.Gln355*	355/516
NC_000913.3	551525	AG	AGG	91.307	150	59	frameshift_variant&splice_region_variant	HIGH	purK	gene-b0522	c.1068_*1insC	p.Ter356fs	356/355
NC_000913.3	596973	A	G	225.417	73	59	stop_lost&splice_region_variant	HIGH	cusC	gene-b0572	c.1374A>G	p.Ter458Trpext*?	458/457
NC_000913.3	633581	TAAAAA	TAAAAAA	228.411	88	60	frameshift_variant&start_lost	HIGH	ybdL	gene-b0600	c.1dupA	p.Met1fs	1/386
NC_000913.3	738852	A	G	225.417	77	53	stop_lost&splice_region_variant	HIGH	ybfD	gene-b0706	c.761A>G	p.Ter254Trpext*?	254/253
NC_000913.3	749801	C	T	225.422	82	59	stop_gained	HIGH	ybgQ	gene-b0718	c.2369G>A	p.Trp790*	790/815
NC_000913.3	953265	A	ACT	183.375	102	60	frameshift_variant	HIGH	pflB	gene-b0903	c.289_290insAG	p.Ile97fs	97/760
NC_000913.3	953272	C	A	177.37	98	60	stop_gained	HIGH	pflB	gene-b0903	c.283G>T	p.Glu95*	95/760
NC_000913.3	953277	TGC	T	116.417	98	60	frameshift_variant	HIGH	pflB	gene-b0903	c.276_277delGC	p.Gln93fs	92/760
NC_000913.3	1053459	TG	T	228.368	110	60	frameshift_variant	HIGH	torS	gene-b0993	c.2719delC	p.His907fs	907/914
NC_000913.3	1062284	G	A	225.417	118	60	stop_gained	HIGH	torD	gene-b0998	c.486G>A	p.Trp162*	162/199
NC_000913.3	1069142	C	T	225.417	196	60	stop_gained	HIGH	rutG	gene-b1006	c.698G>A	p.Trp233*	233/442
NC_000913.3	1070690	C	T	225.417	141	60	stop_gained	HIGH	rutE	gene-b1008	c.266G>A	p.Trp89*	89/196
NC_000913.3	1070969	AGGG	AGG	228.384	123	60	frameshift_variant	HIGH	rutD	gene-b1009	c.794delC	p.Leu266fs	265/266
NC_000913.3	1201072	G	T	112.415	20	53	stop_gained	HIGH	ymfH	gene-b1142	c.309C>A	p.Cys103*	103/103
NC_000913.3	1201278	C	CT	225.417	150	59	frameshift_variant	HIGH	ymfH	gene-b1142	c.102_103insA	p.Gly35fs	34/103
NC_000913.3	1240295	CA	C	218.417	100	60	frameshift_variant	HIGH	ymgM	gene-b4740	c.37delA	p.Ser13fs	13/67
NC_000913.3	1245888	T	A	225.417	159	60	stop_gained	HIGH	treA	gene-b1197	c.1489A>T	p.Lys497*	497/565
NC_000913.3	1390870	A	T	225.417	68	60	stop_lost&splice_region_variant	HIGH	ymjD	gene-b4673	c.64T>A	p.Ter22Lysext*?	22/21
NC_000913.3	1392756	A	T	225.417	69	60	stop_gained	HIGH	pgrR	gene-b1328	c.766A>T	p.Lys256*	256/299
NC_000913.3	1413538	G	C	225.417	35	60	stop_gained	HIGH	rcbA	gene-b1347	c.203C>G	p.Ser68*	68/69
NC_000913.3	1413554	T	A	225.417	36	60	stop_gained	HIGH	rcbA	gene-b1347	c.187A>T	p.Arg63*	63/69
NC_000913.3	1427421	T	G	225.417	100	60	stop_gained	HIGH	ynaA	gene-b1368	c.968T>G	p.Leu323*	323/342
NC_000913.3	1435837	C	A	225.417	70	60	stop_gained	HIGH	ompN	gene-b1377	c.1057G>T	p.Glu353*	353/377
NC_000913.3	1505789	TAAAAA	TAAAA	228.361	159	60	frameshift_variant	HIGH	ydcO	gene-b1433	c.287delT	p.Phe97fs	96/391
NC_000913.3	1544762	GTTTT	GTTTTT	71.4148	14	60	frameshift_variant	HIGH	yddK	gene-b1471	c.948_949insA	p.Thr318fs	316/318
NC_000913.3	1552392	ATTTTTTT	ATTTTTTTT	116.415	45	55	frameshift_variant&splice_region_variant	HIGH	yddM	gene-b1477	c.283_284insA	p.Ter95fs	95/94
NC_000913.3	1615679	T	G	225.417	142	60	stop_gained	HIGH	ptrR	gene-b1526	c.876T>G	p.Tyr292*	292/293
NC_000913.3	1629448	CTTTTTT	CTTTTTTT	215.341	103	60	frameshift_variant&splice_region_variant	HIGH	ydfI	gene-b1542	c.1459_1460insA	p.Ter487fs	487/486
NC_000913.3	1715558	CAAAAA	CAAAA	104.374	130	60	frameshift_variant	HIGH	pdxY	gene-b1636	c.327delT	p.Cys111fs	109/287
NC_000913.3	1748733	T	C	225.417	131	60	stop_lost&splice_region_variant	HIGH	ydhS	gene-b1668	c.1603T>C	p.Ter535Glnext*?	535/534
NC_000913.3	1793641	T	A	225.417	107	60	stop_gained	HIGH	btuE	gene-b1710	c.469A>T	p.Lys157*	157/183
NC_000913.3	1809547	G	GC	228.409	176	60	frameshift_variant	HIGH	hxpB	gene-b1727	c.168_169insC	p.Val57fs	57/222
NC_000913.3	1841896	A	T	225.417	148	60	stop_lost&splice_region_variant	HIGH	nudG	gene-b1759	c.407A>T	p.Ter136Leuext*?	136/135
NC_000913.3	1879833	ACCCCC	ACCCC	228.364	156	60	frameshift_variant	HIGH	yeaR	gene-b1797	c.111delG	p.Val39fs	37/119
NC_000913.3	1881376	TCG	TCGCG	228.363	90	60	frameshift_variant	HIGH	dmlR	gene-b1799	c.431_432insCG	p.Asp145fs	144/307
NC_000913.3	2033367	T	A	225.417	132	60	stop_gained	HIGH	drpB	gene-b1963	c.55A>T	p.Lys19*	19/100
NC_000913.3	2053875	CG	C	57.3904	112	60	frameshift_variant	HIGH	shiA	gene-b1981	c.234delG	p.Leu79fs	78/438
NC_000913.3	2078132	T	G	225.417	124	58	stop_lost&splice_region_variant	HIGH	yeeW	gene-b2006	c.193T>G	p.Ter65Gluext*?	65/64
NC_000913.3	2184516	T	C	225.417	135	60	start_lost	HIGH	thiD	gene-b2103	c.1A>G	p.Met1?	1/266
NC_000913.3	2191631	TGGG	TGGGG	94.266	53	60	frameshift_variant	HIGH	yehC	gene-b2110	c.11_12insC	p.Trp6fs	4/239
NC_000913.3	2200942	C	T	225.417	111	60	stop_gained	HIGH	yehI	gene-b2118	c.664C>T	p.Arg222*	222/1210
NC_000913.3	2203816	C	T	225.417	103	60	stop_gained	HIGH	yehI	gene-b2118	c.3538C>T	p.Arg1180*	1180/1210
NC_000913.3	2207801	C	T	225.422	159	60	stop_gained	HIGH	yehM	gene-b2120	c.2107C>T	p.Arg703*	703/759
NC_000913.3	2209854	T	A	225.417	56	60	stop_gained	HIGH	yehQ	gene-b2122	c.755T>A	p.Leu252*	252/614
NC_000913.3	2210942	T	G	225.417	171	60	stop_lost&splice_region_variant	HIGH	yehQ	gene-b2122	c.1843T>G	p.Ter615Gluext*?	615/614
NC_000913.3	2244744	TG	T	63.3786	184	60	frameshift_variant&stop_lost&splice_region_variant	HIGH	yeiG	gene-b2154	c.836delG	p.Ter279fs	279/278
NC_000913.3	2303898	CAAAAAAA	CAAAAA	225.417	42	60	frameshift_variant&start_lost	HIGH	eco	gene-b2209	c.-1_1delAA	p.Met1fs	1/162
NC_000913.3	2311035	G	T	225.417	126	60	stop_gained	HIGH	ftp	gene-b2214	c.500C>A	p.Ser167*	167/351
NC_000913.3	2342391	A	T	179.416	11	37	stop_gained	HIGH	yfaL	gene-b2233	c.1779T>A	p.Tyr593*	593/1250
NC_000913.3	2348824	A	G	225.417	124	59	stop_lost&splice_region_variant	HIGH	inaA	gene-b2237	c.649T>C	p.Ter217Glnext*?	217/216
NC_000913.3	2358861	ATTT	ATT	228.358	156	60	frameshift_variant&stop_lost&splice_region_variant	HIGH	yfaV	gene-b2246	c.1289delA	p.Ter430fs	430/429
NC_000913.3	2382715	G	A	225.417	41	60	start_lost	HIGH	elaD	gene-b2269	c.3G>A	p.Met1?	1/403
NC_000913.3	2463830	T	A	225.417	60	60	stop_gained	HIGH	yfdF	gene-b2345	c.819T>A	p.Tyr273*	273/352
NC_000913.3	2536380	ATTTTTTT	ATTTTTT	228.376	126	60	frameshift_variant&stop_lost&splice_region_variant	HIGH	pdxK	gene-b2418	c.851delA	p.Ter284fs	284/283
NC_000913.3	2537342	A	G	225.417	97	60	start_lost	HIGH	yfeK	gene-b2419	c.1A>G	p.Met1?	1/124
NC_000913.3	2554132	A	C	225.417	45	60	stop_lost&splice_region_variant	HIGH	eutR	gene-b2437	c.1051T>G	p.Ter351Glyext*?	351/350
NC_000913.3	2605254	C	A	225.417	141	60	stop_gained	HIGH	hyfD	gene-b2484	c.444C>A	p.Cys148*	148/479
NC_000913.3	2614780	TG	T	228.404	121	60	frameshift_variant&stop_lost&splice_region_variant	HIGH	focB	gene-b2492	c.848delG	p.Ter283fs	283/282
NC_000913.3	2627807	G	A	225.417	163	60	stop_gained	HIGH	pdeF	gene-b2503	c.1132C>T	p.Gln378*	378/747
NC_000913.3	2628890	GCCCCC	GCCCC	228.41	87	60	frameshift_variant	HIGH	pdeF	gene-b2503	c.44delG	p.Leu17fs	15/747
NC_000913.3	2664437	CTTT	CTT	141.308	96	60	frameshift_variant	HIGH	yfhR	gene-b2534	c.51delT	p.Phe17fs	17/284
NC_000913.3	2672227	C	T	225.417	122	59	stop_gained	HIGH	hcaD	gene-b2542	c.181C>T	p.Gln61*	61/400
NC_000913.3	2673075	CAA	CA	228.396	185	60	frameshift_variant	HIGH	hcaD	gene-b2542	c.1031delA	p.Asn344fs	344/400
NC_000913.3	2673822	C	T	225.417	59	60	stop_gained	HIGH	yphB	gene-b2544	c.867G>A	p.Trp289*	289/290
NC_000913.3	2678584	C	A	225.422	82	60	stop_gained	HIGH	yphF	gene-b2548	c.784G>T	p.Glu262*	262/327
NC_000913.3	2724993	TAAAA	TAAA	228.41	146	60	frameshift_variant	HIGH	kgtP	gene-b2587	c.750delT	p.Phe251fs	250/432
NC_000913.3	2725311	CG	C	182.403	168	60	frameshift_variant	HIGH	kgtP	gene-b2587	c.435delC	p.Ser145fs	145/432
NC_000913.3	2743272	G	A	225.422	199	60	stop_gained	HIGH	dgcN	gene-b2604	c.890G>A	p.Trp297*	297/408
NC_000913.3	2785794	A	T	225.417	50	60	stop_gained	HIGH	ileY	gene-b2652	c.44T>A	p.Leu15*	15/24
NC_000913.3	2785818	A	C	225.417	60	58	stop_gained	HIGH	ileY	gene-b2652	c.20T>G	p.Leu7*	7/24
NC_000913.3	2887576	ATTT	ATTTT	121.388	40	60	frameshift_variant&splice_region_variant	HIGH	cysH	gene-b2762	c.733_734insA	p.Ter245fs	245/244
NC_000913.3	2906122	A	T	225.417	106	60	stop_gained	HIGH	ygcG	gene-b2778	c.412A>T	p.Lys138*	138/290
NC_000913.3	2918874	G	T	225.417	119	60	stop_gained	HIGH	gudD	gene-b2787	c.512C>A	p.Ser171*	171/446
NC_000913.3	2963268	CG	CGGG	89.4151	135	60	frameshift_variant	HIGH	ppdB	gene-b2825	c.447_448insCC	p.Arg150fs	149/187
NC_000913.3	2963271	ACG	A	47.4146	135	60	frameshift_variant	HIGH	ppdB	gene-b2825	c.444_445delCG	p.Val149fs	148/187
NC_000913.3	2993396	G	T	225.417	53	60	stop_gained	HIGH	ygeH	gene-b2852	c.1303G>T	p.Glu435*	435/458
NC_000913.3	2998036	A	C	225.422	130	60	stop_lost&splice_region_variant	HIGH	ygeQ	gene-b2863	c.793T>G	p.Ter265Glyext*?	265/264
NC_000913.3	3019696	T	A	225.417	164	60	stop_gained	HIGH	ssnA	gene-b2879	c.536T>A	p.Leu179*	179/442
NC_000913.3	3026514	C	A	225.417	107	60	stop_gained	HIGH	guaD	gene-b2883	c.749C>A	p.Ser250*	250/439
NC_000913.3	3027168	CG	C	228.418	107	60	frameshift_variant	HIGH	ghxQ	gene-b4464	c.49delG	p.Ala17fs	17/455
NC_000913.3	3074641	G	A	225.417	37	60	stop_gained	HIGH	yggC	gene-b2928	c.49C>T	p.Gln17*	17/237
NC_000913.3	3129035	A	G	225.417	152	60	stop_lost&splice_region_variant	HIGH	glcC	gene-b2980	c.764A>G	p.Ter255Trpext*?	255/254
NC_000913.3	3147631	CA	CATA	228.39	180	60	frameshift_variant	HIGH	yqhI	gene-b4755	c.108_109insTA	p.Cys37fs	36/47
NC_000913.3	3173100	ATTTTT	ATTTT	225.417	108	60	frameshift_variant	HIGH	mdaB	gene-b3028	c.576delT	p.Phe192fs	192/193
NC_000913.3	3181579	TAA	TA	181.381	129	60	frameshift_variant	HIGH	ygiC	gene-b3038	c.1150delA	p.Phe384fs	384/386
NC_000913.3	3268968	C	A	225.417	22	60	stop_gained	HIGH	yhaC	gene-b3121	c.554C>A	p.Ser185*	185/395
NC_000913.3	3367953	C	T	225.417	167	60	stop_gained	HIGH	yhcG	gene-b3220	c.127C>T	p.Gln43*	43/375
NC_000913.3	3473612	A	T	228.423	196	60	stop_gained	HIGH	rpsG	gene-b3341	c.470T>A	p.Leu157*	157/179
NC_000913.3	3532439	T	C	225.417	94	60	start_lost	HIGH	yhgE	gene-b3402	c.1A>G	p.Met1?	1/574
NC_000913.3	3547991	T	A	225.417	150	59	stop_gained	HIGH	malQ	gene-b3416	c.2080A>T	p.Lys694*	694/694
NC_000913.3	3558268	A	G	225.417	82	60	start_lost	HIGH	rtcR	gene-b3422	c.1A>G	p.Met1?	1/532
NC_000913.3	3584520	T	G	225.417	22	60	stop_gained	HIGH	yrhD	gene-b4612	c.117T>G	p.Tyr39*	39/51
NC_000913.3	3640618	GATCA	GCA	228.419	147	60	frameshift_variant	HIGH	yriA	gene-b4791	c.67_68delAT	p.Ile23fs	23/24
NC_000913.3	3741430	G	T	225.417	178	60	stop_gained	HIGH	ysaA	gene-b3573	c.153C>A	p.Cys51*	51/157
NC_000913.3	3815879	TCCCC	TCCCCC	228.416	142	60	frameshift_variant	HIGH	rph	gene-b3643	c.666_667insG	p.Glu224fs	222/228
NC_000913.3	3838671	T	A	225.417	182	60	stop_gained	HIGH	yicU	gene-b4797	c.31A>T	p.Lys11*	11/19
NC_000913.3	3839993	T	C	225.417	79	59	start_lost	HIGH	nlpA	gene-b3661	c.1A>G	p.Met1?	1/272
NC_000913.3	3853838	C	T	225.417	58	60	start_lost	HIGH	ysdE	gene-b4798	c.3G>A	p.Met1?	1/24
NC_000913.3	3862499	A	G	225.417	156	60	stop_lost&splice_region_variant	HIGH	glvC	gene-b3683	c.1105T>C	p.Ter369Glnext*?	369/368
NC_000913.3	3948443	CTTTTTTT	CTTTTTT	198.344	149	60	frameshift_variant&stop_lost&splice_region_variant	HIGH	yifB	gene-b3765	c.1520delA	p.Ter507fs	507/506
NC_000913.3	3983492	C	T	225.417	75	59	stop_gained	HIGH	aslB	gene-b3800	c.535C>T	p.Gln179*	179/411
NC_000913.3	3993943	C	T	225.417	186	60	stop_gained	HIGH	yzcX	gene-b3808	c.94C>T	p.Gln32*	32/161
NC_000913.3	3994208	T	A	225.417	122	55	stop_gained	HIGH	yzcX	gene-b3808	c.359T>A	p.Leu120*	120/161
NC_000913.3	4013552	G	A	225.417	119	60	stop_gained	HIGH	metE	gene-b3829	c.500G>A	p.Trp167*	167/753
NC_000913.3	4089113	G	C	225.417	103	59	stop_gained	HIGH	frvR	gene-b3897	c.743C>G	p.Ser248*	248/582
NC_000913.3	4103278	A	T	225.417	139	59	stop_gained	HIGH	yiiM	gene-b3910	c.457A>T	p.Lys153*	153/224
NC_000913.3	4174042	A	T	228.422	137	60	stop_gained	HIGH	birA	gene-b3973	c.961A>T	p.Lys321*	321/321
NC_000913.3	4236906	C	T	225.417	125	60	stop_gained	HIGH	yjbG	gene-b4028	c.10C>T	p.Gln4*	4/245
NC_000913.3	4324795	C	T	225.417	134	60	stop_gained	HIGH	phnC	gene-b4106	c.371G>A	p.Trp124*	124/262
NC_000913.3	4351905	T	G	225.417	166	60	stop_gained	HIGH	yjdI	gene-b4126	c.63T>G	p.Tyr21*	21/76
NC_000913.3	4433379	G	A	225.417	78	60	stop_gained	HIGH	qorB	gene-b4211	c.646C>T	p.Gln216*	216/286
NC_000913.3	4480161	G	A	225.417	88	60	stop_gained	HIGH	yjgN	gene-b4257	c.432G>A	p.Trp144*	144/398
NC_000913.3	4518423	GTGGT	GTGGTTGGT	228.395	58	59	frameshift_variant	HIGH	ykiE	gene-b4801	c.53_56dupTGGT	p.Cys20fs	19/22
NC_000913.3	4556223	A	T	225.417	33	60	stop_gained	HIGH	yjiC	gene-b4325	c.98T>A	p.Leu33*	33/276
NC_000913.3	4556657	G	A	225.417	14	60	stop_gained	HIGH	ytiC	gene-b4720	c.84G>A	p.Trp28*	28/33
NC_000913.3	4613629	T	A	225.417	123	60	stop_gained	HIGH	yjjV	gene-b4378	c.149T>A	p.Leu50*	50/259
